metric,rows_compared,max_abs_diff,mean_abs_diff
t2m_c,366,0.00010000000000331966,1.0928961748705477e-06
tcc,366,0.0,0.0
ssr,366,0.00010000000000331966,3.0054644808770194e-06
str_nlw,366,9.999999999976694e-05,8.196721311456307e-07
net_rad,366,0.00010000000000331966,1.0928961748705477e-06
