metric,rows_compared,max_abs_diff,mean_abs_diff
t2m_c_anom,366,9.677419354758854e-05,2.080028204214549e-06
tcc_anom,366,0.0,0.0
ssr_anom,366,9.677419355114125e-05,5.669383711131974e-06
str_nlw_anom,366,9.67741935493649e-05,1.585874610571035e-06
net_rad_anom,366,9.67741935493649e-05,2.1146953409556644e-06
